page,section,title,content,icon,order,id,created_date,updated_date,created_by_id,created_by,is_sample
"contact","","איכות אמינות ובטיחות","","","0","697938d7a5e05e41885ea2ae","2026-01-27T22:14:47.689000","2026-01-27T22:14:47.689000","69414144045c6d5de75ac3ad","blankporat@gmail.com","false"
"about","education","education","[{""degree"":""PHD"",""field"":""מדעי החיים. מחקר באונקולוגיה ופרמקולוגיה"",""institution"":""אוניברסיטת בר-אילן""},{""degree"":"" MPH"",""field"":"" בריאות הציבור: בריאות סביבתית וגהות תעסוקתית "",""institution"":""אוניברסיטת חיפה""},{""degree"":"" MHA"",""field"":""   בריאות הציבור וניהול מערכות בריאות "",""institution"":""אוניברסיטת בר אילן""},{""degree"":""  MSC"",""field"":""מוסמכת ביוכימיה"",""institution"":""אוניברסיטת סנטה פה, ארגנטינה""},{""degree"":""הסמכה"",""field"":""ממונה בטיחות וגהות"",""institution"":""משרד העבודה, מנהל הבטיחות""}]","","0","697934b14a9207dd5f2853ef","2026-01-27T21:57:05.457000","2026-01-27T22:10:23.195000","69414144045c6d5de75ac3ad","blankporat@gmail.com","false"
"about","professionalism","professionalism","""<ul><li>שילוב ידע אקדמי עם ניסיון מעשי רחב בתהליכים ושיטות עבודה במעבדות כימיות, ביולוגיות, רפואיות ומעבדות מחקר – מהשטח ועד היישום- נותן מענה מדויק לדרישות ולאתגרי המעבדה המודרנית</li><li>היועצים הם גם מרצים באקדמיה ובמכללות להכשרת בעלי תפקידים בבטיחות, באיכות ובבריאות העובד</li></ul><p> מוסד מוכר מטעם מינהל הבטיחות והבריאות התעסוקתית להכשרת נאמני בטיחות בעבודה</p>""","","0","695301dcfb35bab6c6fb18e5","2025-12-29T22:34:04.458000","2026-01-27T21:54:04.649000","69414144045c6d5de75ac3ad","blankporat@gmail.com","false"
"about","services","services","""<p><strong style=\""color: rgb(10, 10, 10);\"">ניהול סיכונים כימיים | ביולוגיים | גהותיים | </strong></p><p><strong style=\""color: rgb(10, 10, 10);\"">ניהול סיכונים</strong><span style=\""color: rgb(10, 10, 10);\""> UFMEA | DFMEA | PFMEA </span><strong style=\""color: rgb(10, 10, 10);\""> </strong></p><p><strong>קביעת רמת בטיחות ביולוגית</strong> מעבדה</p><p><strong> ייעוץ תחום חומרים מסוכנים | </strong>תיק מפעל | היתר רעלים <strong> </strong></p><p><strong>הסמכות לתקנים</strong> <span style=\""color: rgb(10, 10, 10);\"">ISO 17025 |ISO 13485| ISO 45001| ISO 9001| ISO 14001 |AS 9100 </span><strong style=\""color: rgb(10, 10, 10);\""> </strong></p><p><strong style=\""color: rgb(10, 10, 10);\""> הכשרות לקבלת הסמכה ע\""פי האיגוד האמריקאי לאיכות </strong><span style=\""color: rgb(78, 22, 53);\"">CQE&nbsp;|</span><span style=\""color: rgb(10, 10, 10);\""> (C</span><span style=\""color: rgb(78, 22, 53);\"">MQ)_OE | </span>CRE</p>""","","0","6952fcf5677eff9b9016d329","2025-12-29T22:13:09.696000","2026-02-04T09:35:16.970000","69414144045c6d5de75ac3ad","blankporat@gmail.com","false"
"service-detail","poisons-permit","כותרת","היתר רעלים","","1","6941b4c7fcb9256cd321724b","2025-12-16T19:36:39.753000","2025-12-16T19:36:39.753000","693ff28dde58acabbdf9d718","davidbinneun@gmail.com","false"
"service-detail","poisons-permit","אייקון","FileText","https://base44.app/api/apps/693ff28dde58acabbdf9d717/files/public/693ff28dde58acabbdf9d717/e21aa4755_flask1.png","2","6941b4c7fcb9256cd321724c","2025-12-16T19:36:39.753000","2025-12-18T12:52:01.235000","693ff28dde58acabbdf9d718","davidbinneun@gmail.com","false"
"service-detail","poisons-permit","תיאור","מי צריך להוציא היתר רעלים: כל עסק שברשותו חומרים מסוכנים – מפעלים, בתי חולים, מעבדות, אוניברסיטאות, מחסנים, עסקים של חומרי הדברה ועוד.","","3","6941b4c7fcb9256cd321724d","2025-12-16T19:36:39.753000","2025-12-16T19:36:39.753000","693ff28dde58acabbdf9d718","davidbinneun@gmail.com","false"
"service-detail","poisons-permit","תוכן מפורט","היתר רעלים הוא רישיון חובה מטעם משרד הבריאות לכל גוף המחזיק, משתמש או סוחר בחומרים מסוכנים.

מתי נדרש היתר:
• החזקת חומרים מסוכנים מעל כמויות מסוימות
• עבודה עם חומרים רעילים במעבדות
• אחסון חומרים מסוכנים
• סחר בחומרי הדברה
• בתי חולים ומרפאות
• מוסדות חינוך ומחקר

השירות שלנו כולל:
• בדיקת צורך בהיתר והיקף ההיתר
• איסוף מידע על כל החומרים
• מיון וסיווג החומרים
• הכנת טפסים ומסמכים
• ליווי בהגשת הבקשה
• ליווי בביקורת משרד הבריאות
• ליווי בעדכון והארכת היתר
• ייעוץ באחסון חומרים
• הכשרת אחראי רעלים","","4","6941b4c7fcb9256cd321724e","2025-12-16T19:36:39.753000","2025-12-16T19:36:39.753000","693ff28dde58acabbdf9d718","davidbinneun@gmail.com","false"
"service-detail","poisons-permit","יתרונות","הכנה מקצועית של כל המסמכים
ליווי מלא בתהליך הרישוי
עדכון והארכת היתרים בזמן
ייעוץ מקצועי באחסון חומרים
חיסכון בזמן ומאמץ
עמידה בדרישות החוק
מניעת קנסות ועיכובים
ליווי בביקורות משרד הבריאות","","5","6941b4c7fcb9256cd321724f","2025-12-16T19:36:39.753000","2025-12-16T19:36:39.753000","693ff28dde58acabbdf9d718","davidbinneun@gmail.com","false"
"service-detail","poisons-permit","תהליך","1. פגישת ייעוץ ראשונית
2. סקר ומיפוי החומרים המסוכנים
3. בדיקת דרישות לפי סוג העסק
4. הכנת רשימת חומרים מפורטת
5. מילוי טפסים והכנת מסמכים
6. הגשת בקשה למשרד הבריאות
7. תיאום וליווי בביקורת
8. קבלת ההיתר
9. ליווי בעדכונים והארכות","","6","6941b4c7fcb9256cd3217250","2025-12-16T19:36:39.753000","2025-12-16T19:36:39.753000","693ff28dde58acabbdf9d718","davidbinneun@gmail.com","false"
"service-detail","biological-safety","כותרת","בטיחות ביולוגית","","1","6941b4c7fcb9256cd3217245","2025-12-16T19:36:39.749000","2025-12-16T19:36:39.749000","693ff28dde58acabbdf9d718","davidbinneun@gmail.com","false"
"service-detail","biological-safety","אייקון","TestTube","","2","6941b4c7fcb9256cd3217246","2025-12-16T19:36:39.749000","2025-12-16T19:36:39.749000","693ff28dde58acabbdf9d718","davidbinneun@gmail.com","false"
"service-detail","biological-safety","תיאור","התפתחות מהירה של תחום הביולוגיה וכמו כן הופעת גורמים ביולוגים מסוכנים מחוללי מגיפות הביאו להעלאת המודעות והחשיבות של נושא הבטיחות הביולוגית.","","3","6941b4c7fcb9256cd3217247","2025-12-16T19:36:39.749000","2025-12-16T19:36:39.749000","693ff28dde58acabbdf9d718","davidbinneun@gmail.com","false"
"service-detail","biological-safety","תוכן מפורט","בטיחות ביולוגית חיונית במעבדות, בתי חולים, תעשיית הביוטכנולוגיה והפארמה. השירותים שלנו כוללים:

הערכת סיכונים ביולוגיים:
• זיהוי וסיווג גורמים ביולוגיים מסוכנים
• הערכת רמות חשיפה פוטנציאלית
• קביעת רמת המעבדה הנדרשת (BSL 1-4)

ייעוץ בניהול הסיכונים הביולוגיים:
• תכנון מעבדות ביולוגיות
• בחירת ציוד בטיחות מתאים
• כתיבת נהלי עבודה בטוחים
• ניהול פסולת ביולוגית
• תכנון למצבי חירום

הדרכות:
• עבודה בטוחה עם חומרים ביולוגיים
• שימוש בתאי בטיחות ביולוגיים
• נהלי חיטוי וסטריליזציה
• טיפול בתאונות חשיפה","","4","6941b4c7fcb9256cd3217248","2025-12-16T19:36:39.749000","2025-12-16T19:36:39.749000","693ff28dde58acabbdf9d718","davidbinneun@gmail.com","false"
"service-detail","biological-safety","יתרונות","הערכת סיכונים ביולוגיים מקצועית
נהלי בטיחות מפורטים למעבדות
ניהול בטוח של חומרים ביולוגיים
הגנה מפני מגיפות ומחלות
עמידה בתקנים בינלאומיים
הדרכות מעשיות וסימולציות
ליווי מתמשך ועדכוני
מומחיות בביובטיחות","","5","6941b4c7fcb9256cd3217249","2025-12-16T19:36:39.749000","2025-12-16T19:36:39.749000","693ff28dde58acabbdf9d718","davidbinneun@gmail.com","false"
"service-detail","biological-safety","תהליך","1. סקר מקום העבודה וזיהוי גורמים ביולוגיים
2. סיווג הסיכונים לפי קבוצות סיכון
3. קביעת רמת המעבדה הנדרשת
4. בניית תוכנית בטיחות ביולוגית
5. המלצות על ציוד ותשתיות
6. כתיבת נהלי עבודה בטוחים
7. הדרכת עובדי המעבדה
8. ביקורות תקופתיות ומעקב","","6","6941b4c7fcb9256cd321724a","2025-12-16T19:36:39.749000","2025-12-16T19:36:39.749000","693ff28dde58acabbdf9d718","davidbinneun@gmail.com","false"
"service-detail","quality-assurance","כותרת","אבטחת איכות במעבדות ומפעלים","","1","6941b4c7fcb9256cd321723f","2025-12-16T19:36:39.745000","2025-12-16T19:36:39.745000","693ff28dde58acabbdf9d718","davidbinneun@gmail.com","false"
"service-detail","quality-assurance","אייקון","BadgeCheck","","2","6941b4c7fcb9256cd3217240","2025-12-16T19:36:39.745000","2025-12-16T19:36:39.745000","693ff28dde58acabbdf9d718","davidbinneun@gmail.com","false"
"service-detail","quality-assurance","תיאור","ניהול האיכות, אמינות ואבטחת איכות במעבדות – רפואיות, כימיות וביולוגיות. הסמכה לתקני ISO 13485 ו-ISO 45001.","","3","6941b4c7fcb9256cd3217241","2025-12-16T19:36:39.745000","2025-12-16T19:36:39.745000","693ff28dde58acabbdf9d718","davidbinneun@gmail.com","false"
"service-detail","quality-assurance","תוכן מפורט","אבטחת איכות היא תהליך חיוני להבטחת אמינות התוצאות והשירותים. אנו מתמחים בהטמעת מערכות ניהול איכות במעבדות ומפעלים:

ISO 45001 - ניהול בטיחות ובריאות תעסוקתית:
• הקמת מערכת ניהול משולבת
• מיפוי סיכונים והזדמנויות
• בניית מדדי ביצוע
• ביקורות פנימיות וחיצוניות
• ליווי עד להסמכה

ISO 13485 - מכשור רפואי:
• התאמת מערכת האיכות לדרישות התקן
• תיעוד ונהלים
• ניהול סיכונים בתהליכי ייצור

השירותים כוללים:
• הערכת מצב קיים וזיהוי פערים
• בניית מערכת איכות מותאמת
• הדרכת צוות ומנהלים
• ליווי בתהליך ההסמכה
• ביקורות פנימיות תקופתיות
• שיפור מתמיד","","4","6941b4c7fcb9256cd3217242","2025-12-16T19:36:39.745000","2025-12-16T19:36:39.745000","693ff28dde58acabbdf9d718","davidbinneun@gmail.com","false"
"service-detail","quality-assurance","יתרונות","הטמעת תקני ISO בינלאומיים
ניהול איכות מקצועי במעבדות
ביקורות פנימיות וחיצוניות מקצועיות
שיפור תהליכים ויעילות
הסמכה מוכרת בינלאומית
חיסכון בעלויות טעויות
שיפור שביעות רצון לקוחות
יתרון תחרותי משמעותי","","5","6941b4c7fcb9256cd3217243","2025-12-16T19:36:39.745000","2025-12-16T19:36:39.745000","693ff28dde58acabbdf9d718","davidbinneun@gmail.com","false"
"service-detail","quality-assurance","תהליך","1. פגישת היכרות והבנת הצרכים
2. הערכת מצב קיים ומיפוי פערים
3. בניית תכנית עבודה להסמכה
4. הטמעת דרישות התקן
5. כתיבת נהלים ומסמכים
6. הדרכת צוות המעבדה/מפעל
7. ביצוע ביקורות פנימיות
8. ליווי בביקורת הסמכה
9. תמיכה שוטפת לאחר ההסמכה","","6","6941b4c7fcb9256cd3217244","2025-12-16T19:36:39.745000","2025-12-16T19:36:39.745000","693ff28dde58acabbdf9d718","davidbinneun@gmail.com","false"
"service-detail","nano-tech","כותרת","בטיחות וגהות בננו-טכנולוגיות","","1","6941b4c7fcb9256cd3217239","2025-12-16T19:36:39.740000","2025-12-16T19:36:39.740000","693ff28dde58acabbdf9d718","davidbinneun@gmail.com","false"
"service-detail","nano-tech","אייקון","Microscope","","2","6941b4c7fcb9256cd321723a","2025-12-16T19:36:39.740000","2025-12-16T19:36:39.740000","693ff28dde58acabbdf9d718","davidbinneun@gmail.com","false"
"service-detail","nano-tech","תיאור","שימוש בננו-טכנולוגיות נפוץ מאוד בתעשיות כימיות, אנרגיה וסביבה, מידע ותקשורת, ביולוגיה, פארמה, רפואה, תעופה וחלל ועוד.","","3","6941b4c7fcb9256cd321723b","2025-12-16T19:36:39.740000","2025-12-16T19:36:39.740000","693ff28dde58acabbdf9d718","davidbinneun@gmail.com","false"
"service-detail","nano-tech","תוכן מפורט","ננו-טכנולוגיה היא תחום מתפתח במהירות עם יישומים רבים בתעשייה. עם זאת, היא מציבה אתגרי בטיחות ייחודיים:

ננו-חומרים הם חומרים בעלי מימד אחד או יותר בטווח 1-100 ננומטר. בגודל זה, לחומרים תכונות פיזיקליות וכימיות שונות מהחומר הגדול יותר.

הסיכונים הפוטנציאליים:
• חדירה קלה יותר לגוף דרך העור, הריאות והמעי
• התנהגות ביולוגית שונה במערכות הגוף
• השפעות בריאותיות לא ידועות לחלוטין

השירותים שלנו:
• הערכת סיכונים ייחודית לננו-חומרים
• פיתוח נהלי עבודה בטוחים
• בחירת ציוד הגנה מתאים
• הדרכות מיוחדות לעובדים
• מעקב אחר רגולציה עדכנית בתחום
• ייעוץ בתכנון מעבדות ומתקנים","","4","6941b4c7fcb9256cd321723c","2025-12-16T19:36:39.740000","2025-12-16T19:36:39.740000","693ff28dde58acabbdf9d718","davidbinneun@gmail.com","false"
"service-detail","nano-tech","יתרונות","מומחיות ייחודית בתחום מתקדם
הערכת סיכונים מקצועית לננו-חומרים
פיתוח נהלי עבודה בטוחים מותאמים
ייעוץ לתעשיות היי-טק ומחקר
מעקב אחר רגולציה עדכנית עולמית
הדרכות מתקדמות וסדנאות
ליווי מקצועי בפרויקטים חדשניים
הבנה עמוקה של הטכנולוגיה והסיכונים","","5","6941b4c7fcb9256cd321723d","2025-12-16T19:36:39.740000","2025-12-16T19:36:39.740000","693ff28dde58acabbdf9d718","davidbinneun@gmail.com","false"
"service-detail","nano-tech","תהליך","1. הכרת התהליכים והננו-חומרים בשימוש
2. סקר ספרות מדעית על הסיכונים
3. הערכת חשיפה פוטנציאלית
4. זיהוי נקודות חשיפה קריטיות
5. פיתוח אמצעי מניעה ובקרה
6. כתיבת נהלי עבודה ייחודיים
7. הדרכת עובדים ומנהלים
8. מעקב ועדכון לפי ידע חדש","","6","6941b4c7fcb9256cd321723e","2025-12-16T19:36:39.740000","2025-12-16T19:36:39.740000","693ff28dde58acabbdf9d718","davidbinneun@gmail.com","false"
"service-detail","occupational-health","כותרת","גהות תעסוקתית - בריאות העובד","","1","6941b4c7fcb9256cd3217233","2025-12-16T19:36:39.736000","2025-12-16T19:36:39.736000","693ff28dde58acabbdf9d718","davidbinneun@gmail.com","false"
"service-detail","occupational-health","אייקון","HeartPulse","","2","6941b4c7fcb9256cd3217234","2025-12-16T19:36:39.736000","2025-12-16T19:36:39.736000","693ff28dde58acabbdf9d718","davidbinneun@gmail.com","false"
"service-detail","occupational-health","תיאור","מחלת מקצוע או מחלה תעסוקתית הינה מחלה שהעובד חלה בה עקב עבודתו או מקצועו. את מחלות המקצוע ניתן למנוע על יד מודעות ומניעת החשיפה לגורמי הסיכון בעבודה.","","3","6941b4c7fcb9256cd3217235","2025-12-16T19:36:39.736000","2025-12-16T19:36:39.736000","693ff28dde58acabbdf9d718","davidbinneun@gmail.com","false"
"service-detail","occupational-health","תוכן מפורט","גהות תעסוקתית עוסקת במניעת מחלות מקצוע ושמירה על בריאות העובדים. השירותים שלנו כוללים:

• זיהוי והערכה של גורמי סיכון בריאותיים במקום העבודה
• סקרי חשיפה לחומרים מסוכנים, רעש, קרינה ועוד
• בניית תוכנית מעקב רפואי לעובדים חשופים
• ניהול תיק בריאות תעסוקתית
• ליווי בביצוע בדיקות תקופתיות
• הערכת כושר לעבודה
• ייעוץ בבחירת ציוד הגנה אישי
• חקירת מחלות מקצוע ותאונות עבודה

אנו עוסקים גם במניעה ראשונית - זיהוי הסיכון לפני החשיפה, ומניעה משנית - גילוי מוקדם של מחלות מקצוע.","","4","6941b4c7fcb9256cd3217236","2025-12-16T19:36:39.736000","2025-12-16T19:36:39.736000","693ff28dde58acabbdf9d718","davidbinneun@gmail.com","false"
"service-detail","occupational-health","יתרונות","הערכת סיכונים בריאותיים מקיפה
מניעת מחלות מקצוע ואבדן ימי עבודה
ניהול מקצועי של חשיפות תעסוקתיות
תוכניות בריאות תעסוקתית מותאמות
ליווי רפואי ומקצועי
עמידה בדרישות החוק
חיסכון בעלויות ביטוח
שיפור תדמית הארגון","","5","6941b4c7fcb9256cd3217237","2025-12-16T19:36:39.736000","2025-12-16T19:36:39.736000","693ff28dde58acabbdf9d718","davidbinneun@gmail.com","false"
"service-detail","occupational-health","תהליך","1. סקר מקום העבודה וזיהוי גורמי סיכון
2. הערכת רמות חשיפה לסיכונים שונים
3. בניית תוכנית מעקב רפואי
4. קביעת בדיקות תקופתיות נדרשות
5. ליווי בביצוע הבדיקות
6. ניתוח תוצאות והמלצות
7. מעקב שוטף ועדכון התוכנית
8. דיווח לרשויות לפי הצורך","","6","6941b4c7fcb9256cd3217238","2025-12-16T19:36:39.736000","2025-12-16T19:36:39.736000","693ff28dde58acabbdf9d718","davidbinneun@gmail.com","false"
"service-detail","safety-manager","כותרת","ממונה בטיחות כימית וביולוגית","","1","6941b4c7fcb9256cd321722d","2025-12-16T19:36:39.731000","2025-12-16T19:36:39.731000","693ff28dde58acabbdf9d718","davidbinneun@gmail.com","false"
"service-detail","safety-manager","אייקון","Shield","https://base44.app/api/apps/693ff28dde58acabbdf9d717/files/public/693ff28dde58acabbdf9d717/ac05db7fe_gloves1.png","2","6941b4c7fcb9256cd321722e","2025-12-16T19:36:39.731000","2025-12-18T12:53:33.831000","693ff28dde58acabbdf9d718","davidbinneun@gmail.com","false"
"service-detail","safety-manager","תיאור","לממונה הבטיחות תפקיד קריטי כמייעץ למעסיק בכל הקשור לחקיקה בתחומי הבטיחות והבריאות התעסוקתית וכמו כן כגורם שדואג לקיום דרישות החוק.","","3","6941b4c7fcb9256cd321722f","2025-12-16T19:36:39.731000","2025-12-16T19:36:39.731000","693ff28dde58acabbdf9d718","davidbinneun@gmail.com","false"
"service-detail","safety-manager","תוכן מפורט","שירות ממונה בטיחות חיצוני מספק לארגון את כל השירותים הנדרשים על פי חוק:

בטיחות כימית וביולוגית במעבדות:
• זיהוי וניהול סיכונים ביולוגיים במקום העבודה
• סקר סיכונים לפי אופי המעבדה ושיטות העבודה
• עריכת דוחות ממצאים והמלצות
• קביעת רמות המעבדות לפי תקנים בינלאומיים
• ייעוץ בבחירת ציוד הגנה
• כתיבת נהלי בטיחות מפורטים

אנחנו מספקים שירות מקצועי ואמין, תוך עמידה מלאה בדרישות החוק והרגולציה העדכנית.","","4","6941b4c7fcb9256cd3217230","2025-12-16T19:36:39.731000","2025-12-16T19:36:39.731000","693ff28dde58acabbdf9d718","davidbinneun@gmail.com","false"
"service-detail","safety-manager","יתרונות","ייעוץ וליווי מקצועי שוטף
קיום מלא של דרישות החוק
בניית תוכנית בטיחות ארגונית
ביקורות בטיחות תקופתיות
זמינות ומענה מהיר
ניסיון עשיר בתחום
חיסכון בעלויות לעומת ממונה פנימי
גישה לידע עדכני ורגולציה","","5","6941b4c7fcb9256cd3217231","2025-12-16T19:36:39.731000","2025-12-16T19:36:39.731000","693ff28dde58acabbdf9d718","davidbinneun@gmail.com","false"
"service-detail","safety-manager","תהליך","1. פגישת היכרות וסקר ראשוני
2. הערכת מצב קיים וזיהוי פערים
3. בניית תוכנית עבודה שנתית
4. ביקורות תקופתיות במקום
5. ליווי ביישום המלצות
6. הדרכות עובדים ונאמני בטיחות
7. הכנה וליווי לביקורות רשויות
8. דיווחים ומעקב שוטף","","6","6941b4c7fcb9256cd3217232","2025-12-16T19:36:39.731000","2025-12-16T19:36:39.731000","693ff28dde58acabbdf9d718","davidbinneun@gmail.com","false"
"service-detail","training","כותרת","הדרכות והרצאות - קורס נאמן בטיחות","","1","6941b4c7fcb9256cd3217227","2025-12-16T19:36:39.726000","2025-12-16T19:36:39.726000","693ff28dde58acabbdf9d718","davidbinneun@gmail.com","false"
"service-detail","training","אייקון","GraduationCap","","2","6941b4c7fcb9256cd3217228","2025-12-16T19:36:39.726000","2025-12-16T19:36:39.726000","693ff28dde58acabbdf9d718","davidbinneun@gmail.com","false"
"service-detail","training","תיאור","אחת הסיבות העיקריות להתרחשות תאונות עבודה היא חוסר ידע של עובדים לגבי הסיכונים הקיימים בעמדות העבודה, בתהליכים, בחומרים וכמו כן לגבי מיגון מתאים.","","3","6941b4c7fcb9256cd3217229","2025-12-16T19:36:39.726000","2025-12-16T19:36:39.726000","693ff28dde58acabbdf9d718","davidbinneun@gmail.com","false"
"service-detail","training","תוכן מפורט","אנחנו מוסד מוכר מטעם מינהל הבטיחות והבריאות התעסוקתית להכשרת נאמני בטיחות בעבודה.

הקורסים שלנו כוללים:

• קורס בסיסי לנאמן בטיחות (100 שעות) - קורס מקיף המכשיר נאמני בטיחות לפי דרישות משרד הכלכלה

• קורס רענון שנתי לנאמני בטיחות - חובה על פי חוק לכל נאמן בטיחות

• הדרכות בטיחות מותאמות למפעלים, מעבדות ובתי חולים

• הדרכות בבטיחות כימית וביולוגית

• הדרכות בעבודה בגובה

• סדנאות מעשיות וסימולציות

כל ההדרכות מותאמות אישית לצרכי הארגון ולסיכונים הספציפיים במקום העבודה.","","4","6941b4c7fcb9256cd321722a","2025-12-16T19:36:39.726000","2025-12-16T19:36:39.726000","693ff28dde58acabbdf9d718","davidbinneun@gmail.com","false"
"service-detail","training","יתרונות","מוסד מוכר מטעם משרד הכלכלה
מרצים מנוסים ומומחי תחום
קורסים מקיפים ומעשיים
התאמה אישית לצרכי הארגון
תעודות הסמכה מוכרות
חומרי לימוד עדכניים
ליווי לאחר ההכשרה
קורסי רענון שנתיים","","5","6941b4c7fcb9256cd321722b","2025-12-16T19:36:39.726000","2025-12-16T19:36:39.726000","693ff28dde58acabbdf9d718","davidbinneun@gmail.com","false"
"service-detail","training","תהליך","1. פגישת היכרות וזיהוי צרכים
2. בניית תכנית הדרכה מותאמת
3. אישור תכנית עם הארגון
4. ביצוע ההדרכה - תיאוריה ומעשה
5. מבחנים והערכות
6. הנפקת תעודות הסמכה
7. מעקב והדרכות רענון","","6","6941b4c7fcb9256cd321722c","2025-12-16T19:36:39.726000","2025-12-16T19:36:39.726000","693ff28dde58acabbdf9d718","davidbinneun@gmail.com","false"
"service-detail","chemical-safety","כותרת","בטיחות כימית","","1","6941b4c7fcb9256cd3217221","2025-12-16T19:36:39.722000","2025-12-16T19:36:39.722000","693ff28dde58acabbdf9d718","davidbinneun@gmail.com","false"
"service-detail","chemical-safety","אייקון","Beaker","","2","6941b4c7fcb9256cd3217222","2025-12-16T19:36:39.722000","2025-12-16T19:36:39.722000","693ff28dde58acabbdf9d718","davidbinneun@gmail.com","false"
"service-detail","chemical-safety","תיאור","מטרת העיסוק בבטיחות כימית היא להביא לידיעת מעסיקים ועובדים מידע בתחום הסיכונים הקיימים במקום העבודה כדי לתכנן ולבנות את הדרכים למניעת תאונות עבודה וחשיפה לחומרים כימיים.","","3","6941b4c7fcb9256cd3217223","2025-12-16T19:36:39.722000","2025-12-16T19:36:39.722000","693ff28dde58acabbdf9d718","davidbinneun@gmail.com","false"
"service-detail","chemical-safety","תוכן מפורט","בטיחות כימית היא תחום קריטי בכל ארגון העובד עם חומרים כימיים. השירות שלנו כולל:

ניהול תחום החומרים המסוכנים בכל השלבים: ייצור, אריזה, אחסון, עבודה, תאימות בין חומרים, הכרת מאפייניהם ושיטות פעולה במקרה חירום.

אנחנו מסייעים בזיהוי וסיווג חומרים מסוכנים על פי התקנות החדשות של GHS ובניית מאגרי מידע של החומרים הכימיים. בנוסף, אנו עוסקים בהכנת דפי בטיחות (MSDS) בעברית ובעדכונם.

השירות כולל גם הכנה לביקורות של משרד העבודה, משרד הבריאות ומשרד להגנת הסביבה, וכן ליווי בביקורות עצמן.","","4","6941b4c7fcb9256cd3217224","2025-12-16T19:36:39.722000","2025-12-16T19:36:39.722000","693ff28dde58acabbdf9d718","davidbinneun@gmail.com","false"
"service-detail","chemical-safety","יתרונות","זיהוי וסיווג מדויק של חומרים מסוכנים
בניית מאגרי מידע מקיפים
הערכת סיכונים כימיים מקצועית
הכנת דפי בטיחות (MSDS) בעברית
ליווי בביקורות רשויות
בניית תוכניות בטיחות מותאמות אישית
הדרכות עובדים וממוני בטיחות","","5","6941b4c7fcb9256cd3217225","2025-12-16T19:36:39.722000","2025-12-16T19:36:39.722000","693ff28dde58acabbdf9d718","davidbinneun@gmail.com","false"
"service-detail","chemical-safety","תהליך","1. סקר ראשוני של מקום העבודה וזיהוי חומרים
2. סיווג החומרים המסוכנים לפי תקני GHS
3. הערכת סיכונים מקיפה
4. בניית מאגר מידע וכתיבת דפי בטיחות
5. הכנת תוכנית בטיחות מותאמת
6. הדרכת עובדים וממוני בטיחות
7. הכנה וליווי בביקורות רשויות
8. מעקב ועדכון שוטף","","6","6941b4c7fcb9256cd3217226","2025-12-16T19:36:39.722000","2025-12-16T19:36:39.722000","693ff28dde58acabbdf9d718","davidbinneun@gmail.com","false"
"service-detail","chemical-safety","כותרת","בטיחות כימית","","1","6941b37e689f955153cca94b","2025-12-16T19:31:10.302000","2025-12-16T19:31:10.302000","693ff28dde58acabbdf9d718","davidbinneun@gmail.com","false"
"service-detail","chemical-safety","אייקון","Beaker","","2","6941b37e689f955153cca94c","2025-12-16T19:31:10.302000","2025-12-16T19:31:10.302000","693ff28dde58acabbdf9d718","davidbinneun@gmail.com","false"
"service-detail","chemical-safety","תיאור","מטרת העיסוק בבטיחות כימית היא להביא לידיעת מעסיקים ועובדים מידע בתחום הסיכונים הקיימים במקום העבודה כדי לתכנן ולבנות את הדרכים למניעת תאונות עבודה וחשיפה לחומרים כימיים.","","3","6941b37e689f955153cca94d","2025-12-16T19:31:10.302000","2025-12-16T19:31:10.302000","693ff28dde58acabbdf9d718","davidbinneun@gmail.com","false"
"service-detail","chemical-safety","תוכן מפורט","בטיחות כימית היא תחום קריטי בכל ארגון העובד עם חומרים כימיים. אנו מספקים שירותי ייעוץ מקיפים הכוללים זיהוי וסיווג חומרים מסוכנים, הערכת סיכונים, ובניית תוכניות בטיחות מפורטות.

השירותים שלנו כוללים ליווי מלא בתהליכי רישוי והיתרים, הכנה לביקורות משרד העבודה, והדרכות עובדים וממוני בטיחות.","","4","6941b37e689f955153cca94e","2025-12-16T19:31:10.302000","2025-12-16T19:31:10.302000","693ff28dde58acabbdf9d718","davidbinneun@gmail.com","false"
"service-detail","chemical-safety","יתרונות","זיהוי וסיווג חומרים מסוכנים
הערכת סיכונים כימיים מקיפה
בניית תוכניות בטיחות מותאמות אישית
ליווי בביקורות משרד העבודה
הדרכות מקצועיות לעובדים ומנהלים","","5","6941b37e689f955153cca94f","2025-12-16T19:31:10.302000","2025-12-16T19:31:10.302000","693ff28dde58acabbdf9d718","davidbinneun@gmail.com","false"
"service-detail","chemical-safety","תהליך","1. סקר ראשוני של מקום העבודה וזיהוי חומרים
2. הערכת סיכונים מקיפה
3. בניית תוכנית בטיחות מותאמת
4. הדרכת עובדים וממוני בטיחות
5. מעקב ובקרה שוטפים","","6","6941b37e689f955153cca950","2025-12-16T19:31:10.302000","2025-12-16T19:31:10.302000","693ff28dde58acabbdf9d718","davidbinneun@gmail.com","false"
"services","items","גהות תעסוקתית- בריאות העובד","מחלת מקצוע או מחלה תעסוקתית הינה מחלה שהעובד חלה בה עקב עבודתו או מקצועו. את מחלות המקצוע ניתן למנוע על יד מודעות ומניעת החשיפה לגורמי הסיכון בעבודה.

•הערכת סיכונים בריאותיים
•מניעת מחלות מקצוע
•ניהול חשיפות תעסוקתיות
•תוכניות בריאות תעסוקתית","HeartPulse","4","694142b537b1769481aaf720","2025-12-16T11:29:57.271000","2025-12-16T11:29:57.271000","693ff28dde58acabbdf9d718","davidbinneun@gmail.com","false"
"services","items","בטיחות וגיהות בננו-טכנולוגיות","שימוש בננו-טכנולוגיות נפוץ מאוד בתעשיות כימיות, אנרגיה וסביבה, מידע ותקשורת, ביולוגיה, פארמה, רפואה, תעופה וחלל ועוד.

•הערכת סיכונים בננו-חומרים
•פיתוח נהלי עבודה בטוחים
•ייעוץ לתעשיות היי-טק
•מעקב אחר רגולציה עדכנית","Microscope","5","694142b537b1769481aaf721","2025-12-16T11:29:57.271000","2025-12-16T11:29:57.271000","693ff28dde58acabbdf9d718","davidbinneun@gmail.com","false"
"services","items","אבטחת איכות במעבדות ומפעלים","ניהול האיכות אמינות ואבטחת איכות במעבדות – רפואיות, כימיות וביולוגיות |ISO 13485| ISO 45001

•הטמעת תקני ISO
•ניהול איכות במעבדות
•ביקורות פנימיות וחיצוניות
•שיפור תהליכים","BadgeCheck","6","694142b537b1769481aaf722","2025-12-16T11:29:57.271000","2025-12-16T11:29:57.271000","693ff28dde58acabbdf9d718","davidbinneun@gmail.com","false"
"services","items","בטיחות ביולוגית","התפתחות מהירה של תחום הביולוגיה וכמו כן הופעת גורמים ביולוגים מסוכנים מחוללי מגיפות הביאו להעלאת המודעות והחשיבות של נושא הבטיחות הביולוגית.

•הערכת סיכונים ביולוגיים
•נהלי בטיחות במעבדות
•ניהול חומרים ביולוגיים
•הגנה מפני מגיפות","TestTube","7","694142b537b1769481aaf723","2025-12-16T11:29:57.271000","2025-12-16T11:29:57.271000","693ff28dde58acabbdf9d718","davidbinneun@gmail.com","false"
"services","items","היתר רעלים","מי צריך להוציא היתר רעלים: כל עסק שברשותו חומרים מסוכנים – מפעלים, בתי חולים, מעבדות, אוניברסיטאות, מחסנים, עסק של חומרי הדברה ועוד.

•הכנה והגשת בקשה להיתר
•ליווי בתהליך הרישוי
•עדכון והארכת היתרים
•ייעוץ בנושא אחסון חומרים","FileText","8","694142b537b1769481aaf724","2025-12-16T11:29:57.271000","2025-12-16T11:29:57.271000","693ff28dde58acabbdf9d718","davidbinneun@gmail.com","false"
"services","items","בטיחות כימית","מטרת העיסוק בבטיחות כימית היא להביא לידיעת מעסיקים ועובדים מידע בתחום הסיכונים הקיימים במקום העבודה כדי לתכנן ולבנות את הדרכים למניעת תאונות עבודה וחשיפה לחומרים כימיים.

•זיהוי וסיווג חומרים מסוכנים
•הערכת סיכונים כימיים
•בניית תוכניות בטיחות
•ליווי בביקורות משרד העבודה","Beaker","1","694142b537b1769481aaf71d","2025-12-16T11:29:57.270000","2025-12-16T11:29:57.270000","693ff28dde58acabbdf9d718","davidbinneun@gmail.com","false"
"services","items","הדרכות – הרצאות קורס נאמן בטיחות","אחת הסיבות העיקריות להתרחשות תאונות עבודה היא חוסר ידע של עובדים לגבי הסיכונים הקיימים בעמדות העבודה/ בתהליכים/ בחומרים/ וכמו כן לגבי מיגון מתאים.

•קורסים להסמכת נאמני בטיחות
•הדרכות לעובדים ומנהלים
•הרצאות בנושאי בטיחות
•סדנאות מעשיות","GraduationCap","2","694142b537b1769481aaf71e","2025-12-16T11:29:57.270000","2025-12-16T11:29:57.270000","693ff28dde58acabbdf9d718","davidbinneun@gmail.com","false"
"services","items","ממונה בטיחות כימית ובטיחות ביולוגית","לממונה הבטיחות תפקיד קריטי כמייעץ למעסיק בכל הקשור לחקיקה בתחומי הבטיחות והבריאות התעסוקתית וכמו כן כגורם שדואג לקיום דרישות החוק.

•ייעוץ וליווי שוטף
•קיום דרישות החוק
•בניית תוכנית בטיחות ארגונית
•ביקורות בטיחות תקופתיות","Shield","3","694142b537b1769481aaf71f","2025-12-16T11:29:57.270000","2025-12-16T11:29:57.270000","693ff28dde58acabbdf9d718","davidbinneun@gmail.com","false"
"home","hero","שם מלא","ד""ר דיאנה בלנק-פורת","","1","69413fb12bd6797924d277e0","2025-12-16T11:17:05.974000","2025-12-16T11:17:05.974000","693ff28dde58acabbdf9d718","davidbinneun@gmail.com","false"
"home","hero","שם חברה","BioChem Safety & Health","","2","69413fb12bd6797924d277e1","2025-12-16T11:17:05.974000","2025-12-16T11:17:05.974000","693ff28dde58acabbdf9d718","davidbinneun@gmail.com","false"
"home","hero","תפקיד 1","ביוכימאית בכירה","","3","69413fb12bd6797924d277e2","2025-12-16T11:17:05.974000","2025-12-16T11:17:05.974000","693ff28dde58acabbdf9d718","davidbinneun@gmail.com","false"
"home","hero","תפקיד 2","מוסמכת בריאות תעסוקתית וסביבתית","","4","69413fb12bd6797924d277e3","2025-12-16T11:17:05.974000","2025-12-16T11:17:05.974000","693ff28dde58acabbdf9d718","davidbinneun@gmail.com","false"
"home","hero","תפקיד 3","ממונה בטיחות וגהות בעבודה","","5","69413fb12bd6797924d277e4","2025-12-16T11:17:05.974000","2025-12-16T11:17:05.974000","693ff28dde58acabbdf9d718","davidbinneun@gmail.com","false"
"home","services-title","כותרת תחומי התמחות","תחומי התמחות","","1","69413fb12bd6797924d277e6","2025-12-16T11:17:05.974000","2025-12-16T11:17:05.974000","693ff28dde58acabbdf9d718","davidbinneun@gmail.com","false"
"home","contact-title","כותרת יצירת קשר","יצירת קשר","","1","69413fb12bd6797924d277e7","2025-12-16T11:17:05.974000","2025-12-16T11:17:05.974000","693ff28dde58acabbdf9d718","davidbinneun@gmail.com","false"
"home","contact-subtitle","תת כותרת יצירת קשר","BioChem Safety & Health - נשמח לעמוד לשירותכם ולענות על כל שאלה","","1","69413fb12bd6797924d277e8","2025-12-16T11:17:05.974000","2025-12-16T11:17:05.974000","693ff28dde58acabbdf9d718","davidbinneun@gmail.com","false"
"about","title","כותרת ראשית","אודות","","1","69413fb12bd6797924d277e9","2025-12-16T11:17:05.974000","2025-12-16T11:17:05.974000","693ff28dde58acabbdf9d718","davidbinneun@gmail.com","false"
"about","company","שם החברה","{""name"":""DBP \""BioChem Safety & Health\"""",""founder"":"" ד\""ר דיאנה בלנק-פורת, בטיחות, גהות ואיכות"",""fields"":[""  בטיחות כימית | חומרים מסוכנים | היתר רעלים | סקר סיכונים כימיים | מעבדות | תיק מפעל "",""בטיחות ביולוגית | רמות בטיחות ביולוגית | מעבדות | סקר סיכונים ביולוגיים"",""  גהות תעסוקתית ובריאות סביבתית | סקר סיכונים גהותי"",""הדרכות | ימי עיון |  נאמני בטיחות | נאמני איכות | מעבדות"",""בטיחות וגהות בעבודה בננו-טכנולוגיות | סקר סיכונים ננו"",""הבטחת איכות ואמינות | הסמכה לתקנים של איכות, בטיחות וגהות בתעסוקה""]}","","1","69413fb12bd6797924d277ea","2025-12-16T11:17:05.974000","2026-01-28T13:09:28.410000","693ff28dde58acabbdf9d718","davidbinneun@gmail.com","false"
"about","company","תיאור החברה","{""name"":""DBP \""BioChem Safety & Health\"" QA & Reliability"",""founder"":""נוסדה ע\""י ד\""ר דיאנה בלנק-פורת"",""fields"":[""בטיחות כימית- חומרים מסוכנים"",""בטיחות ביולוגית"",""גהות (בריאות) תעסוקתית"",""אמינות והבטחת איכות"",""הדרכות בטיחות"",""איכות. הדרכות והכשרות""]}","","2","69413fb12bd6797924d277eb","2025-12-16T11:17:05.974000","2026-02-03T23:06:25.568000","693ff28dde58acabbdf9d718","davidbinneun@gmail.com","false"
"about","company","כותרת תחומי עיסוק","{""name"":""        DBP \""BioChem Safety & Health\"""",""founder"":""מומחיות שמחברת מדע* תהליך* ועבודה מעשית במעבדה*. הוקמה מתוך ניסיון מקצועי ע\""י ד\""ר דיאנה בלנק-פורת"",""fields"":[""ניהול בטיחות כימית וחומרים מסוכנים"",""ניהול בטיחות ביולוגית"",""גהות (בריאות) תעסוקתית"",""קורסים לנאמני בטיחות"",""ניהול הבטיחות"",""בטיחות בעבודה בגובה""]}","","3","69413fb12bd6797924d277ec","2025-12-16T11:17:05.974000","2025-12-29T22:19:46.075000","693ff28dde58acabbdf9d718","davidbinneun@gmail.com","false"
"services","title","כותרת ראשית","תחומי התמחות","","1","69413fb12bd6797924d277ed","2025-12-16T11:17:05.974000","2025-12-16T11:17:05.974000","693ff28dde58acabbdf9d718","davidbinneun@gmail.com","false"
"services","subtitle","תת כותרת","שירותים מקצועיים לבטיחות ובריאות תעסוקתית","","1","69413fb12bd6797924d277ee","2025-12-16T11:17:05.974000","2025-12-16T11:17:05.974000","693ff28dde58acabbdf9d718","davidbinneun@gmail.com","false"
"contact","title","כותרת ראשית","יצירת קשר","","1","69413fb12bd6797924d277ef","2025-12-16T11:17:05.974000","2025-12-16T11:17:05.974000","693ff28dde58acabbdf9d718","davidbinneun@gmail.com","false"
"contact","professional-title","שם מקצועי","ד""ר דיאנה בלנק-פורת","","1","69413fb12bd6797924d277f0","2025-12-16T11:17:05.974000","2025-12-16T11:17:05.974000","693ff28dde58acabbdf9d718","davidbinneun@gmail.com","false"
"contact","professional-title","שם חברה","BioChem Safety & Health","","2","69413fb12bd6797924d277f1","2025-12-16T11:17:05.974000","2025-12-16T11:17:05.974000","693ff28dde58acabbdf9d718","davidbinneun@gmail.com","false"
"layout","footer","שם מלא","ד""ר דיאנה בלנק-פורת","","1","69413fb12bd6797924d277f2","2025-12-16T11:17:05.974000","2025-12-16T11:17:05.974000","693ff28dde58acabbdf9d718","davidbinneun@gmail.com","false"
"layout","footer","תיאור","ביוכימאית בכירה
מוסמכת בריאות תעסוקתית וסביבתית
ממונה בטיחות וגהות בעבודה","","2","69413fb12bd6797924d277f3","2025-12-16T11:17:05.974000","2025-12-18T15:28:51.218000","693ff28dde58acabbdf9d718","davidbinneun@gmail.com","false"
"layout","footer-links","כותרת קישורים","קישורים מהירים","","1","69413fb12bd6797924d277f4","2025-12-16T11:17:05.974000","2025-12-16T11:17:05.974000","693ff28dde58acabbdf9d718","davidbinneun@gmail.com","false"
"layout","footer-contact","כותרת יצירת קשר","יצירת קשר","","1","69413fb12bd6797924d277f5","2025-12-16T11:17:05.974000","2025-12-16T11:17:05.974000","693ff28dde58acabbdf9d718","davidbinneun@gmail.com","false"
"layout","footer-copyright","זכויות יוצרים","ד""ר דיאנה בלנק-פורת - BioChem Safety & Health. כל הזכויות שמורות.","","1","69413fb12bd6797924d277f6","2025-12-16T11:17:05.974000","2025-12-16T11:17:05.974000","693ff28dde58acabbdf9d718","davidbinneun@gmail.com","false"